iteration,accuracy
1,0.9946384727163401
2,0.9895525379566067
3,0.9437290173873829
4,0.9970185899684322
5,0.9927343789146665
