iteration,accuracy
1,0.9843162800020043
2,0.9763742045397605
3,0.9792553991080823
4,0.9787543217918525
5,0.9784035676704915
