iteration,accuracy
1,0.9609410231998797
2,0.999899784536754
3,0.9989727915017287
4,1.0
5,1.0
