iteration,accuracy
1,0.9510948539359623
2,0.9814350854336824
3,0.9613168311870521
4,0.9192012827579296
5,0.9766748509294985
