iteration,accuracy
1,1.0
2,0.9998747306709426
3,0.9186250438442651
4,0.9933356716941424
5,1.0
