iteration,accuracy
1,0.9572330510597785
2,0.9699103071603948
3,0.9505436688881095
4,0.9932605100967079
5,0.9755724808337927
