iteration,accuracy,# of sv
1,0.99949892268377,311
2,0.9982211755273839,252
3,0.9994488149521471,307
4,1.0,105
5,1.0,157
