iteration,accuracy,# of sv
1,0.9978453675402115,361
2,0.976449366137195,401
3,0.9940121260710527,368
4,0.9981961216615723,327
5,0.9986721451119908,403
