iteration,accuracy,# of sv
1,0.9734178483740041,542
2,0.9725159092047903,504
3,0.9938618028761838,574
4,0.9957658966778574,586
5,0.993060079170216,512
