iteration,accuracy
1,0.9914315778924688
2,0.9244124868467204
3,0.9737936563611765
4,0.9884251139950895
5,0.9923585709274941
