iteration,accuracy
1,0.9994488149521471
2,0.9138898632058927
3,0.9997244074760736
4,0.9739439795560455
5,0.9861953199378665
