iteration,accuracy
1,0.9708373001954201
2,0.9874730670942526
3,0.9516209851180037
4,0.9887007065190159
5,0.9537756175777923
