iteration,accuracy
1,0.49594127373853786
2,0.4971939670291126
3,0.5010272084982713
4,0.49724407476073557
5,0.49706869770005513
