iteration,accuracy
1,0.4980959061983264
2,0.49594127373853786
3,0.5002004309264919
4,0.4994237610863356
5,0.4972190208949241
