iteration,accuracy
1,0.49644235105476775
2,0.4970436438342436
3,0.49744450568722753
4,0.4967179435786942
5,0.49694342837099764
