iteration,accuracy
1,0.9894773763591722
2,0.9677055669689834
3,0.9791050759132134
4,0.9802074460089192
5,0.9835646640276595
