iteration,accuracy
1,0.9994488149521471
2,0.9981961216615723
3,0.9912060931001654
4,0.9990730069649747
5,1.0
