iteration,accuracy
1,0.9950894423009471
2,0.971588916169765
3,0.978328406073057
4,0.9962920278598988
5,0.9631457633912913
